,Topic,Count,Name,Representation,Representative_Docs
0,-1,1288,-1_the_and_to_of,"['the', 'and', 'to', 'of', 'in', 'for', 'that', 'science', 'research', 'is']","['Four years in the\\nmaking, the project has been fully funded\\nby the generosity of one individual, Paul\\nAllen.\\n\\njust\\n\\nThe dif\\xef\\xac\\x81culties in operating such an\\nthose asso-\\nobservatory are not\\nciated with setting up any advanced\\ninstrumentation suite, but also include\\nsigni\\xef\\xac\\x81cant sociological and organizational\\nchallenges.\\n\\nWe all treasure a sense of autonomy.\\nYet inherent to any team, whether oper-\\nating on the battle \\xef\\xac\\x81eld, on the water rac-\\ning a scull, in a start-up, or at an institute\\nwith production deadlines, is the impera-\\ntive to align on the agreed-upon goals\\n\\n614 Neuron 92, November 2, 2016\\n\\nimplications for\\n\\nand the attendant need to submerge the\\nego, the self, to the group as a whole.\\nThese con\\xef\\xac\\x82icting demands have impor-\\ntant\\ninternal decision\\nmaking and highlight the absolute need\\nfor the development and maintenance of\\ntrust across the entire team.', 'In the \\ncontext of science, a big team science organization allows many scientists to pre-commit to \\ninvesting their limited scientific resources into one big project in exchange for an individual \\nreward \\xe2\\x80\\x93 usually, authorship on a publication, though other rewards are possible, such as money \\nor networking opportunities.', 'Regarding recommendations to funding agencies, the GRC provided the \\nfollowing:\\n\\n\\xe2\\x80\\xa2\\xe2\\x80\\xa2 Our research and much of the literature suggest that top-down thematic funding \\nprograms  are  one  of  the  most  common  approaches  adopted  by  funders  to \\nencourage interdisciplinarity.\\n\\n\\xe2\\x80\\xa2\\xe2\\x80\\xa2 There  is  also  a  consensus  that  researcher-led  \\xe2\\x80\\x9cbottom-up\\xe2\\x80\\x9d  approaches  are \\nrequired  and  funding  agencies  should  support  such  approaches  despite  the \\npotential risks associated with the most innovative ideas.\\n\\n\\x0cTurner and Baker \\n\\n83\\n\\n\\xe2\\x80\\xa2\\xe2\\x80\\xa2 At the same time, interdisciplinary research should be viewed as a means to an \\nend and not an end in itself.']"
1,0,133,0_was_the_laboratory_had,"['was', 'the', 'laboratory', 'had', 'of', 'at', 'breakthroughs', 'by', 'energy', 'laboratories']","['Bartlett with graduate students\\n probably would have been no match for Argonne with its professionals.\\n And indeed, this extraordinary elaboration of a field of chemistry in\\n just a year has led some to suggest that at least in the field of chemistry\\n the future belongs to the professional team supported with superb\\n equipment and unencumbered by teaching commitments, rather than to\\n the professor whose professionalism in research is diluted by teaching.13\\n This view has been sharply criticized by representatives of the univer\\n sity scientific community who insist that only individuals can achieve\\n breakthroughs.\\n\\n In point of fact, the team can and has achieved breakthroughs, and\\n it is by no means clear that the team will snuff out the fire of scientific\\n revolution.', ""A field that in earlier times would have remained fertile and excit\\n ing for a decade or more was largely elucidated in little more than a\\n year\\'s time.\\n\\n In attacking the xenon compounds so massively, the Argonne Na\\n tional Laboratory was working very much in the style of the applied\\n laboratory."", 'My own experi\\n ence has been almost entirely confined to the atomic energy laboratories,\\n and so I shall draw largely on them to illustrate some characteristics of\\n the big applied scientific institutions.\\n\\n From its very beginning in late 1941, the Chicago Metallurgical\\n Laboratory, at which the first fission chain reaction was established, was\\n interdisciplinary.']"
2,1,100,1_authorship_author_authors_contribution,"['authorship', 'author', 'authors', 'contribution', 'credit', 'articles', 'papers', 'contributions', 'and', 'number']","['Full counting provides \\ncredit to each author for an article\\xe2\\x80\\x99s citation, whereas fractional counting partitions \\nthe citation into a part per each author such that each author would receive one (cita-\\ntion) divided by the number of authors (n; 1/n).', 'Compre-\\nhensive shifts in incentives will require that hiring and \\ntenure and promotion committees rely more on specific \\nindicators of contribution (Brand et\\xc2\\xa0al., 2015), such as \\nthe  author  contribution  statements  described  above, \\nrather than heuristics of counting articles and whether \\nthe person was first, last, or somewhere in the middle \\nof an authorship list.', 'These efforts will benefit \\nHRD scholars and scholar-practitioners and could begin a new field of study within \\nHRD, TSci, and Cross-Disciplinary Research.\\n\\nDeclaration of Conflicting Interests\\nThe author(s) declared no potential conflicts of interest with respect to the research, authorship, \\nand/or publication of this article.\\n\\nFunding\\nThe author(s) received no financial support for the research, authorship, and/or publication of \\nthis article.\\n\\nReferences\\nAlbert, T., & Wager, E. (2003).']"
3,2,93,2_xe2_x80_x9d_x93,"['xe2', 'x80', 'x9d', 'x93', 'x99', 'x99s', 'xef', 'xac', 'to', 'and']","['For example,\\nwithin astronomy, generations of Sloan\\nDigital Sky surveys have resulted in more\\nthan 5,000 refereed publications and 200\\n\\nmillion SQL queries to the relevant data-\\nbase and revolutionized the \\xef\\xac\\x81eld in the\\nprocess (Burns et al., 2014).\\n\\nA second set of causes relate to lack of\\nstatistical \\xe2\\x80\\x98\\xe2\\x80\\x98hygiene,\\xe2\\x80\\x99\\xe2\\x80\\x99 including low statis-\\ntical power, incorrect noise models, pub-\\nlication bias (or \\xe2\\x80\\x98\\xe2\\x80\\x98the \\xef\\xac\\x81le drawer problem\\xe2\\x80\\x99\\xe2\\x80\\x99),\\nhypothesizing after the results are known\\n(HARKing), and p-hacking.', 'They perform collaborative endeav-\\nours similar to those of the Human Genome \\nProject and groups within CERN, Europe\\xe2\\x80\\x99s \\nparticle-physics lab near Geneva, Switzer-\\nland, but have been founded without formal \\nfunding  mechanisms  or  well-developed \\ninfrastructure.\\n\\nWe have found that grass-roots big-team \\nscience is capable of generating knowledge \\nthat is difficult to obtain \\xe2\\x80\\x94 but faces several \\nbarriers to sustainability.\\n\\nBarrier 1: rewarding team players\\nMichele Grigsby Coffey, a historian at the Uni-\\nversity of Memphis in Tennessee, has described \\nacademia as \\xe2\\x80\\x9ca selfish sport\\xe2\\x80\\x9d in which research-\\ners \\xe2\\x80\\x9care rewarded for self-absorbed fixations\\xe2\\x80\\x9d, \\nand in which \\xe2\\x80\\x9cprioritizing yourself at the \\nexpense of others is encouraged\\xe2\\x80\\x9d7.', '\\n\\nOSF represents one of the largest pre-registration portals available for developmental \\n\\n \\n\\n \\n\\n12 \\n\\n\\x0cresearchers: It is host to over 10,000 projects identified under search terms \\xe2\\x80\\x9cchild development,\\xe2\\x80\\x9d \\n\\n\\xe2\\x80\\x9ccognitive development,\\xe2\\x80\\x9d \\xe2\\x80\\x9cbrain development,\\xe2\\x80\\x9d and \\xe2\\x80\\x9csocio-emotional health.\\xe2\\x80\\x9d Figure 1 shows for \\n\\nexample that the number of registered studies through OSF when searching terms based on child \\n\\ndevelopment epochs \\xe2\\x80\\x9cinfant\\xe2\\x80\\x9d or \\xe2\\x80\\x9cadolescent\\xe2\\x80\\x9d has increased seven-fold from 2012 to 2021.']"
4,3,88,3_data_sharing_video_and,"['data', 'sharing', 'video', 'and', 'or', 'legal', 'gdpr', 'ndata', 'databrary', 'to']","['Based on GDPR categories and the authors\\xe2\\x80\\x99 ex-\\nperiences, the following categories of data always warrant \\nspecial attention to details and protection and will there-\\nfore be more complicated to handle: \\n\\n\\xe2\\x80\\xa2  Racial or ethnic origin \\n\\xe2\\x80\\xa2  Health or genetic data \\n\\xe2\\x80\\xa2  Financial data \\n\\xe2\\x80\\xa2  Philosophical, political, or religious beliefs \\n\\xe2\\x80\\xa2  Sexual orientation \\n\\xe2\\x80\\xa2  Trade union membership \\n\\xe2\\x80\\xa2  Educational data / IQ scores \\n\\xe2\\x80\\xa2  Data from underaged individuals, especially children \\n\\xe2\\x80\\xa2  Data from closed networks, where the combination of \\n\\nanswers may reveal identities \\n\\nStatistical Approach \\n \\n\\n \\n\\nIf you ask multiple data analysts what analysis to choose \\nfor  your  research  project,  chances  are  high  you  will  find \\nyourself with many different replies (Menkveld et al., 2021; \\nSilberzahn et al., 2018).', 'If personal \\nidentifiable  data  are  involved,  researchers  may  also  need \\nto set up Data Sharing Agreements between the consortium \\npartners (these regulate how the collected data are shared \\nbetween partners and processed), or even Data Privacy Im-\\npact Assessments (a process to identify and minimise data \\nprotection risks which is necessary when processing sensi-\\ntive data on a large scale).', 'Furthermore, initiatives like ManyBabies recognize that the combination of \\n\\nrich data and privacy concerns may lead to the need for more careful data sharing policies (e.g., \\n\\nsharing tabular data via an open channel like OSF and sharing raw video data through a more \\n\\nrestricted access channel such as Databrary).']"
5,4,80,4_lett_hum_can_,"['lett', 'hum', 'can', '', '', '', '', '', '', '']","['Can.', 'Hum.', 'Lett.']"
6,5,80,5_replication_findings_replicability_replicate,"['replication', 'findings', 'replicability', 'replicate', 'crep', 'replications', 'replicated', 'xc2', 'education', 'xa0al']","['(2014)\\n\\nInitiative to replicate spinal-cord-injury \\nresearch in independent laboratories\\n\\nstudies\\n\\n2 successful replications out of 12 targeted \\n\\nRegistered Replication Report: attempt by \\n\\nVerbal overshadowing successfully replicated, \\n\\nmany laboratories to replicate the verbal \\novershadowing effect\\n\\nbut with a smaller effect size than in the \\noriginal article\\n\\nKlein et\\xc2\\xa0al.', 'What is replication?', '(2016)\\n\\nMany Labs 3: 20 laboratories attempted to \\n\\n3 of 10 findings replicated; most unaffected by \\n\\nreplicate 13 psychology findings\\n\\nreplicate 97 original effects from top \\npsychology journals in independent \\nlaboratories\\n\\nExperimental Economics Replication Project: \\ninitiative to replicate prominent findings in \\nexperimental economics in independent \\nlaboratories\\n\\nreplicate 10 psychology findings at different \\ntimes of the semester\\n\\nRegistered Replication Report: attempt by \\n\\nmany laboratories to replicate the effects of \\npriming hostility on impression formation\\nReproducibility Project: Cancer Biology: an \\n\\ninitiative to replicate prominent findings in \\ncancer biology\\n\\nto replicate 21 social-science findings in \\nScience and Nature\\n\\nMany Labs 2: 28 psychology findings \\n\\nreplicated across 125 sites\\n\\nInitiative to replicate prominent findings in \\nexperimental philosophy in independent \\nlaboratories\\n\\nRegistered Replication Report: attempt by \\nmany laboratories to replicate the effect \\nof priming professors on intellectual \\nperformance\\n\\nCollaborative Replications and Education \\n\\nProject initiative to replicate social-\\npsychology findings in student methods \\nclasses\\n\\nDeciding future directions\\n\\nMcCarthy et\\xc2\\xa0al.']"
7,6,75,6_developmental_child_infant_development,"['developmental', 'child', 'infant', 'development', 'ndevelopmental', 'science', 'practices', 'open', 'children', 'research']","['\\n\\nThe State of Open Science in Developmental Science \\n\\nGiven the benefits of open science practices and many recent papers on the topic, where \\n\\ndoes the field of developmental science currently stand?', 'Open Science Practices of Selected Journals in Developmental Research.', 'Additional Js in the \\nfield of developmental science that accept registered reports include British J of Developmental \\nPsychology; Developmental Cognitive Neuroscience; Infant and Child Development; J of Child \\nPsychology; J of Child Language.']"
8,7,74,7_doi_org_10_https,"['doi', 'org', '10', 'https', 'nhttps', '1177', '1111', '1038', '1016', 'nlakens']","['\\n\\nhttps://doi.org/10.1037/xge0000179 \\n\\nLakens, D. (2014).', 'https://doi.org/10.2139/ssrn.437684 \\n\\nhttps://doi.org/10.1001/jama.2009.1578 \\n\\nSchneider, C. (2015).', 'https://doi.org/10.1177/2515245917747646 \\n\\nSimonsohn, U.']"
9,8,74,8_big_team_science_organizations,"['big', 'team', 'science', 'organizations', 'that', 'risks', 'is', 'the', 'teams', 'we']","['The Benefits, Barriers, and Risks \\nof Big Team Science.', '\\n\\nRisks of big team science \\n\\nAlthough we believe that big team science approaches have great promise, they also \\n\\n \\nbring a unique set of risks that stem from the very feature that provides their main benefits: the \\nfact that they coordinate and centralize resources to be deployed in a single project (Stokols et \\nal., 2008).', 'Big team science organizations also have the potential to provide \\na variety of benefits to individual researchers and the broader scientific ecosystem that are \\nexternal to this primary function.']"
10,9,72,9_xa6_nj_brown_aczel,"['xa6', 'nj', 'brown', 'aczel', 'evans', 'chartier', 'mccarthy', 'musser', 'janssen', 'keene']","['J., Keene, J. R., Protzko, J., Aczel, B., \\xe2\\x80\\xa6 Chartier, C. \\nR.', '\\n\\nE., McCarthy, R. J., Musser, E. D., Antfolk, J., Castille, C. M., Evans, T. R., Fiedler, S., \\n\\nFlake, J. K., Forero, D. A., Janssen, S. M. J., Keene, J. R., Protzko, J., Aczel, B., \\xe2\\x80\\xa6 \\n\\nChartier, C. R. (2018).', '\\n\\nE., McCarthy, R. J., Musser, E. D., Antfolk, J., Castille, C. M., Evans, T. R., Fiedler, S., \\n\\nFlake, J. K., Forero, D. A., Janssen, S. M. J., Keene, J. R., Protzko, J., Aczel, B., \\xe2\\x80\\xa6 \\n\\nChartier, C. R. (2018).']"
11,10,57,10_researchers_research_study_resources,"['researchers', 'research', 'study', 'resources', 'local', 'costs', 'and', 'to', 'ncollaborators', 'or']","['\\n\\nWithin the PSA, several labs or PIs submit a study pro-\\nposal, the study selection committee checks its feasibility, \\nthe  network  votes  on  the  blinded  proposal,  then  the  lead \\nteam of the accepted studies pre-registers the experiment, \\nand publicly opens it up for potential collaborators.', 'Researchers can then either adapt the \\nreplication to better suit their target populations or, with \\nthe help of local collaborators, find ways to convey or aug-\\nment the value and benefits (direct or indirect) of the re-\\nsearch to potential participants.', '\\n\\nSurvey-based online \\nresearch; PI \\nprovides access to \\nsurvey; funds are \\navailable to offset \\ndata collection \\ncosts and \\nparticipant \\nincentives \\n\\nCollaborators \\nfrom \\nunderrepresented \\ngroups \\n\\nValue for \\nparticipants and \\ncollaborators \\n\\nExisting network is explored for \\ntrusted colleagues from as many \\ncountries as possible; the more \\nthe network grows, the more \\ngrows the outreach and \\ncolleagues from more countries \\ncan be included (First study: 32 \\ncollaborators and data from 19 \\ncountries; latest: 169 authors \\nfrom 61 countries included) \\n\\nParticipants: Surveys are short \\n(5 minutes or less), minimal time \\ninvestment \\xe2\\x80\\x93 results are often \\nshared via the same channels \\nparticipants were recruited; \\nCollaborators: Access to \\nnetwork of collaborators (option \\nof further connection), \\nopportunity to re-use data for \\nadditional research (e.g.']"
12,11,54,11_data_analytic_analyses_set,"['data', 'analytic', 'analyses', 'set', 'cohorts', 'analysis', 'same', 'robustness', 'errors', 'disparity']","['Because members \\nof this network of experts communicate extensively to \\nagree on their shared analytic approach and measures \\nto use from each longitudinal data set, a coordinated \\nanalysis falls into the top-right quadrant of Figure 1.\\n\\nNote  that  all  of  these  approaches  are  qualitatively \\ndifferent from fields in which many researchers inde-\\npendently leverage a central data source (e.g., the Gen-\\neral Social Survey, or GSS).', 'Increasingly, when their findings depend on a complex analytic \\n\\nmodel, researchers are encouraged to include robustness checks and perhaps even report a \\n\\n\\xe2\\x80\\x9dmultiverse\\xe2\\x80\\x9d analysis in which they conduct a large set of different analyses to examine \\n\\nsensitivity to certain modeling or analytic decisions more formally (Steegen et al., 2016).', 'Organizers provide a test \\ndata set and a particular question to be addressed to \\nmany  independent  analysts  (a  top-left-quadrant \\napproach) and then apply the analytic strategies to a \\nhold-out data set to evaluate their robustness.\\n\\nAnother  innovative  method  is  to  hold  constructs, \\nmodels, and covariates constant and leverage a network \\nof researchers to carry out this same analysis on differ-\\nent existing data sets (a coordinated analysis; Hofer & \\nPiccinin,  2009).']"
13,12,47,12_injury_brain_enigma_group,"['injury', 'brain', 'enigma', 'group', 'traumatic', 'nu', 'working', 'nt', 'nr', 'concussion']","['Author manuscript; available in PMC 2022 April 01.\\n\\n\\x0cA\\nu\\n\\nt\\n\\nh\\no\\nr\\n \\n\\nM\\na\\nn\\nu\\ns\\nc\\nr\\ni\\np\\n\\nt\\n\\nA\\nu\\n\\nt\\n\\nh\\no\\nr\\n \\n\\nM\\na\\nn\\nu\\ns\\nc\\nr\\ni\\np\\n\\nt\\n\\nA\\nu\\n\\nt\\n\\nh\\no\\nr\\n \\n\\nM\\na\\nn\\nu\\ns\\nc\\nr\\ni\\np\\n\\nt\\n\\nA\\nu\\nt\\nh\\no\\nr\\n \\n\\nM\\na\\nn\\nu\\ns\\nc\\nr\\ni\\np\\n\\nt\\n\\nWilde et al.\\n\\nPage 7\\n\\nLimitations and Challenges\\n\\nA central aim of the ENIGMA Brain Injury group is identifying factors that affect outcome.', 'Author manuscript; available in PMC 2022 April 01.\\n\\n\\x0cA\\nu\\n\\nt\\n\\nh\\no\\nr\\n \\n\\nM\\na\\nn\\nu\\ns\\nc\\nr\\ni\\np\\n\\nt\\n\\nA\\nu\\n\\nt\\n\\nh\\no\\nr\\n \\n\\nM\\na\\nn\\nu\\ns\\nc\\nr\\ni\\np\\n\\nt\\n\\nA\\nu\\n\\nt\\n\\nh\\no\\nr\\n \\n\\nM\\na\\nn\\nu\\ns\\nc\\nr\\ni\\np\\n\\nt\\n\\nA\\nu\\nt\\nh\\no\\nr\\n \\n\\nM\\na\\nn\\nu\\ns\\nc\\nr\\ni\\np\\n\\nt\\n\\nWilde et al.\\n\\nPage 6\\n\\nSuccesses in Other ENIGMA Groups\\n\\nPotential\\n\\nAmong ENIGMA working groups, the Brain Injury group is relatively young, allowing it to \\nbenefit from the experiences of more established working groups.', '\\nOrganization of the ENIGMA consortium and the ENIGMA Brain Injury working group.']"
14,13,45,13_basic_he_is_science,"['basic', 'he', 'is', 'science', 'soluble', 'applied', 'the', 'his', 'tends', 'machinery']","[""In basic science, the sci\\n entist\\'s criteria for deciding what he ought to try are usually internally\\n generated; that is, they derive from the internal logic of the sp?cific field\\n in which he works and from his assessment of how soluble the problem\\n is."", 'It is for this rea\\n son that much of basic science can remain disciplinary and little: the\\n interdisciplinary team is not its social characteristic.\\n\\n Of course, even as a description of basic little science this is over\\n simplified; to characterize science as the art of the soluble tells only part\\n of the story.', 'The necessity for explicit\\n planning is taken for granted, in much the same way as planning by a\\n project manager is the accepted way of doing business in the applied\\n laboratory.\\n\\n The typical home of massive basic science, like CERN in Geneva or\\n the Stanford Linear Accelerator, is however more specialized than is\\n the modern home of applied science; this goes back to the aforemen\\n tioned distinction between basic science, which tends to be internally\\n motivated and disciplinary, and applied science, which tends to be ex\\n ternally motivated and interdisciplinary.']"
15,14,45,14_open_science_practices_adoption,"['open', 'science', 'practices', 'adoption', 'norms', 'and', 'value', 'policies', 'reuse', 'to']","['\\n\\nChanging norms \\n\\n \\n\\n \\n\\n25 \\n\\n\\x0cchange researchers\\xe2\\x80\\x99 perceptions of norms \\xe2\\x80\\x93 the open science movement needs to make visible the \\n\\nrapid adoption of open science practices over the past ten years.', '\\n\\nThe Goals of Open Science: The 4 R\\xe2\\x80\\x99s \\n\\nThe open science movement pursues scientific transparency policies to enhance \\n\\nreplicability, improve reproducibility, accelerate discovery through reuse, and broaden global \\n\\nreach.', '\\n\\n \\n\\n \\n\\n26 \\n\\n\\x0cFormal incentives for open science practices can be instituted through a variety of \\n\\nmechanisms, including creation of DOIs associated with shared stimuli, procedures, and data to \\n\\nbe cited by researchers who access shared resources; consideration of open science practices in \\n\\npersonnel and tenure reviews of faculty hires and promotions; required sections of grant \\n\\napplications stating how and when research products will be shared; and funding streams for the \\n\\npreparation of data for open sharing and the reuse of existing datasets to maximize investments.']"
16,15,43,15_psyarxiv_npsyarxiv_adv_30,"['psyarxiv', 'npsyarxiv', 'adv', '30', 'behav', 'metaarxiv', 'nsci', 'obs', 'winnower', 'evol']","['PsyArXiv.', 'PsyArXiv.', 'PsyArXiv.']"
17,16,41,16_2020_2021_lakens_1986,"['2020', '2021', 'lakens', '1986', 'ed', 'boas', 'saberi', 'wobegon', 'gone', 'lake']","['(2020).', '(2020).', '(2020).']"
18,17,41,17_crowdsourcing_crowdsourced_research_xc2,"['crowdsourcing', 'crowdsourced', 'research', 'xc2', 'crowds', 'xa0al', 'nresearch', 'to', 'are', 'same']","['Only by experimenting with \\ndiverse  approaches,  some  staying  close  in  important \\nrespects  to  traditional  academic  review  and  others \\ndeparting radically, can we identify the most effective \\nways to communicate scientific ideas and knowledge.\\n\\nReplicating published findings\\nAmong  the  best  known  uses  of  crowdsourcing  are \\nlarge-scale  initiatives  to  directly  replicate  published \\nresearch in psychology, biomedicine, economics, and \\n\\n\\x0c724 \\n\\nUhlmann et al.\\n\\nother fields (e.g., Alogna et\\xc2\\xa0al., 2014; Errington et\\xc2\\xa0al., \\n2014; McCarthy et\\xc2\\xa0al., 2018; O\\xe2\\x80\\x99Donnell et\\xc2\\xa0al., 2018).', 'Crowdsourcing Different Stages of the Research Process\\n\\nStudy design\\n\\nThe same research hypothesis is given to different scientists, who independently design \\n\\nStage of research\\n\\nIdeation\\nAssembling resources\\n\\nData collection\\nData analysis\\nReplicating findings before \\n\\npublication\\n\\nWriting research reports\\nPeer review\\nReplicating published findings\\n\\nHow crowds are leveraged\\n\\nCrowds are used to generate novel research ideas and solutions to problems\\nOnline exchanges are used to match investigators with needs with partner laboratories who \\n\\nhave that resource\\n\\nstudies to test it\\n\\nits publication\\n\\nNumerous collaborators aid in obtaining research participants, observations, or samples\\nA network of researchers carries out statistical analyses to address the same research question\\nThe same methodology is repeated in independent laboratories to confirm the finding before \\n\\nA large group of contributors collectively writes a research article\\nA large group of commentators writes public feedback on a scientific article\\nThe same methods and materials from published articles are repeated in independent \\n\\nlaboratories to assess the robustness of the findings\\n\\nDeciding future directions\\n\\nCrowd predictions about future research outcomes are factored into decisions about how to \\n\\nallocate research resources for maximum impact\\n\\n\\x0cUhlmann et al.\\n\\n716 \\n\\nSource\\n\\net\\xc2\\xa0al.', 'Examples of Crowdsourced Scientific Initiatives\\n\\nSobel (2007)\\n\\nStarting in 1714, the British Parliament \\n\\nDevelopment of the marine chronometer\\n\\nMethod\\n\\nIdeation\\n\\nKey result(s)\\n\\nPolymath (2012, 2014)\\n\\nMathematical challenges are posted online for \\n\\nA new combinatorial proof to the density \\n\\nSchweinsberg, Feldman, \\n\\nCrowd of researchers asked to nominate \\n\\nThe crowd was able to generate interesting \\n\\nlaunched an open competition to solve how \\nto calculate the longitude of a ship at sea\\n\\nopen crowd collaboration\\n\\nhypotheses for testing with a complex data \\nset\\n\\nScientific problems are posted online, and \\n\\nprizes are offered for the best solution\\n\\nAssembling resources\\n\\nidentify and outsource specific research \\nneeds\\n\\nresources available for use by others or \\nneeded resources another researcher may \\nhave\\n\\nStudy design\\n\\nexperiments to test the same hypothesis; \\nresearch participants are then randomly \\nassigned to different study versions\\n\\nversion of the Hales-Jewett theorem, among \\nother solved mathematical problems\\n\\nhypotheses for later testing\\n\\n30% of 166 scientific problems solved via crowd \\n\\ncompetitions for prizes\\n\\npartnership with the Center for Open Science \\nto conduct the Reproducibility Project: \\nCancer Biology\\n\\nand small team projects\\n\\nDifferent study designs associated with widely \\ndispersed effect-size estimates for the same \\nresearch question; for four out of five \\nhypotheses examined, the materials from \\ndifferent teams returned significant effects in \\nopposite directions\\n\\nScience Exchange\\n\\nOnline marketplace that enables scientists to \\n\\nProgram to independently validate antibodies; \\n\\nStudySwap\\n\\nPlatform for posting brief descriptions of \\n\\nUsed to gather resources for both crowdsourced \\n\\nLandy et\\xc2\\xa0al.']"
19,18,40,18_rev_nat_natl_front,"['rev', 'nat', 'natl', 'front', 'assoc', 'stat', 'acad', '', '', '']","['Nat.', 'Rev.', 'Rev.']"
20,19,40,19_journal_social_personality_psychology,"['journal', 'social', 'personality', 'psychology', 'x80', 'xe2', 'experimental', 'npsychology', 'x93152', 'sociology']","['Journal of Experimental Social \\n\\nPsychology, 67, 68\\xe2\\x80\\x9382.', 'Journal of Personality and Social \\n\\nPsychology, 51(3), 515\\xe2\\x80\\x93530.', 'Journal of Personality and Social \\nPsychology, 51, 515\\xe2\\x80\\x93530.\\n\\nSeglen, P. O.']"
21,20,39,20_psychological_perspectives_nperspectives_x80,"['psychological', 'perspectives', 'nperspectives', 'x80', 'xe2', 'psychology', 'on', 'nscience', 'psychologist', 'sophomores']","['Perspectives on Psychological \\nScience, 13, 428\\xe2\\x80\\x93432.', '\\nPerspectives on Psychological Science, 14(5), 711\\xe2\\x80\\x93733.', 'Perspectives on Psychological Science, 14(5), 711\\xe2\\x80\\x93733.']"
22,21,38,21_imaging_fmri_behav_neuroimaging,"['imaging', 'fmri', 'behav', 'neuroimaging', 'mri', 'nbrain', 'enigma', 'resting', 'diffusion', 'analysis']","['Intermediate goals include \\ndeveloping and testing new pipelines for processing neuroimaging data that consider \\n\\nBrain Imaging Behav.', 'Ben Taub Department of Physical Medicine and Rehabilitation, Baylor College of Medicine, \\nHouston, TX\\n\\n4Psychiatry Neuroimaging Laboratory, Brigham & Women\\xe2\\x80\\x99s Hospital, Harvard Medical School, \\nBoston, MA\\n\\n5Imaging Genetics Center, Stevens Neuroimaging & Informatics Institute, Keck School of \\nMedicine of USC, Marina del Rey, CA\\n\\n6Missouri Institute of Mental Health, University of Missouri, St. Louis, MO\\n\\nAbstract\\n\\nThe Enhancing NeuroImaging Genetics through Meta-Analysis (ENIGMA) consortium brings \\ntogether researchers from around the world to try to identify the genetic underpinnings of brain \\nstructure and function, along with robust, generalizable effects of neurological and psychiatric \\ndisorders.', 'Additional imaging sequences, such as diffusion MRI (dMRI), \\ntask-based and resting-state fMRI (tbfMRI and rsfMRI), magnetic resonance spectroscopy \\n(MRS), and arterial spin labeling (ASL), and more detailed clinical and cognitive \\ninformation allow for broader participation, but are not required.']"
23,22,37,22_x80_xe2_15_x9352,"['x80', 'xe2', '15', 'x9352', '2021', '24', 'sometimes', 'you', '2020', '12']","['3, 24\\xe2\\x80\\x9352 (2020).\\n\\n4.', 'Sometimes you\\xe2\\x80\\x99re the scooper, and sometimes you get scooped: \\n\\nHow to turn both into something good.', 'The project involved \\n241\\xc2\\xa0collaborators and 11,570\\xc2\\xa0participants \\nspanning 41\\xc2\\xa0countries.']"
24,23,37,23_brain_allen_xac_xef,"['brain', 'allen', 'xac', 'xef', 'mouse', 'neuroscience', 'atlas', 'institute', 'nthe', 'adult']","['Together with associ-\\nated metadata, including eye movements,\\nvideo of the running mice and so on, this\\n\\xef\\xac\\x81rst dataset exceeds 30TB.\\n\\nThe team that built and operates the\\nAllen Brain Observatory numbers one\\nhundred specialists and technicians (not\\nall of whom work full-time on this\\nproject)\\xe2\\x80\\x94technicians to care for and train\\nthe animals, neurobiologists to plan and\\nexecute the behavioral experiment, elec-\\ntrical and optical engineers to construct\\nand maintain the microscopes to identify\\nfunctional\\nregions and image cellular-\\nlevel activity, neurosurgeons to precisely\\nplace transparent windows into murine\\nskulls, mechanical engineers to build the\\ngimbals, reticules, and other widgets to\\nreproducibly return to the same set of\\nneurons over multiple trials, anatomists\\nand annotators to localize responses\\nwithin the 3D brain, software engineers\\nto harness and massage the massive\\ndata stream from all\\ninstruments into a\\ncommon laboratory information manage-\\nment system, data scientists to extract\\nthe tiny fraction of relevant information,\\nand modelers and theoreticians to carry\\nout statistical analyses and build neural\\nnetwork and other models to analyze\\nand replicate the data.', '2007)\\nand more than 15,000 unique monthly vis-\\nitors to the online resource.\\nit\\ncould be argued that the Allen Mouse\\nBrain Atlas satis\\xef\\xac\\x81es Sydney Brenner\\xe2\\x80\\x99s\\nfamous CAP criteria pertaining to large-\\nscale surveys: complete coverage of all\\ngenes throughout\\nthe brain, accurate\\nprobes (i.e., with high sensitivity and\\nspeci\\xef\\xac\\x81city), and maintained as a curated\\nand permanent resource.\\n\\nIndeed,\\n\\nBuilding on the success of the Allen\\nMouse Brain Atlas,\\nthe Allen Institute\\nre\\xef\\xac\\x81ned and adapted this high-throughput,\\nscalable, and robust platform to create\\nadditional cartographies, comprehen-\\nsively mapping transcriptional expression\\npatterns within a three-dimensional coor-\\ndinate system in the developing mouse\\n\\n\\x0c(http://observatory.brain-map.org/) in the\\nopen-source Neurodata Without Borders\\ndata format (Teeters et al., 2015) features\\nthe calcium activity of more than 30,000\\nindividual neurons responding to a battery\\nof visual stimuli,\\nincluding static and\\nmoving gratings, sparse noise, natural\\nscenes, and the movie Touch of Evil.', ""b'Neuron\\n\\nNeuroView\\n\\nBig Science, Team Science,\\nand Open Science for Neuroscience\\n\\nChristof Koch1,* and Allan Jones1\\n1Allen Institute for Brain Science, Seattle, WA 98109, USA\\n*Correspondence: christofk@alleninstitute.org\\nhttp://dx.doi.org/10.1016/j.neuron.2016.10.019\\n\\nThe Allen Institute for Brain Science is a non-pro\\xef\\xac\\x81t private institution dedicated to basic brain science with an\\ninternal organization more commonly found in large physics projects\\xe2\\x80\\x94large teams generating complete,\\naccurate and permanent resources for the mouse and human brain.""]"
25,24,36,24_doi_10_org_nhttps,"['doi', '10', 'org', 'nhttps', 'https', '1037', 'ijzerman', 'pbio', 'forscher', '1371']","['http\\ns://doi.org/10.2139/ssrn.3961574 \\n\\nMoshontz, H., Campbell, L., Ebersole, C. R., Ijzerman, \\nH., Urry, H. L., Forscher, P. S., Grahe, J. E., McCarthy, \\nR.', '\\n\\nhttps://doi.org/10.1371/journal.pbio.2006843 \\n\\nKlein, O., Hardwicke, T. E., Aust, F., Breuer, J., Danielsson, H., Mohr, A. H., IJzerman, H., \\n\\nNilsonne, G., Vanpaemel, W., & Frank, M. C. (2018).', 'https://doi.org/10.1037/0022-006X.46.4.806 \\n\\nMoshontz, H., Campbell, L., Ebersole, C. R., IJzerman, H., Urry, H. L., Forscher, P. S., Grahe, J.']"
26,25,35,25_teams_team_teamwork_handbook,"['teams', 'team', 'teamwork', 'handbook', 'coaching', 'members', 'coordination', 'taskwork', 'larger', 'tasks']","['Essentially, successful teaming requires monitoring and managing \\nthese emergent states (coaching, cognition, conflict, cooperation, and coordination) \\nby all team members.\\n\\nPlanning  a  team\\xe2\\x80\\x99s  activities/goals/tasks  takes  work.', 'Teamwork \\nidentifies the interactions required among team members to achieve their tasks, whereas \\ntaskwork involves the activities that must be completed to complete the team\\xe2\\x80\\x99s task or \\nobjective.', 'Teamwork relates to team member interactions, the sharing of information \\nrequired at any point in time for team members to complete their tasks, the knowledge \\nof who has what skills so that they can easily be identified when required, and basic com-\\nmunication among team members throughout the process.']"
27,26,33,26_nr_na_nt_no,"['nr', 'na', 'nt', 'no', 'nu', 'ne', 'nn', 'nl', 'nc', 'ns']","['\\n\\nCollabra: Psychology\\n\\n3\\n\\nl\\n\\nD\\no\\nw\\nn\\no\\na\\nd\\ne\\nd\\n\\n \\nf\\nr\\no\\nm\\nh\\n\\n \\n\\nt\\nt\\n\\np\\n\\n:\\n/\\n/\\n\\no\\nn\\n\\nl\\ni\\n\\n.\\n\\nn\\ne\\nu\\nc\\np\\nr\\ne\\ns\\ns\\n.\\ne\\nd\\nu\\n/\\nc\\no\\n\\nl\\nl\\n\\n/\\n\\na\\nb\\nr\\na\\na\\nr\\nt\\ni\\nc\\ne\\n-\\np\\nd\\n\\nl\\n\\nf\\n/\\n\\n/\\n\\n/\\n\\n/\\n\\n8\\n1\\n5\\n7\\n5\\n3\\n8\\n7\\n6\\n7\\n4\\n2\\n7\\n/\\nc\\no\\n\\nl\\nl\\n\\na\\nb\\nr\\na\\n_\\n2\\n0\\n2\\n2\\n_\\n8\\n_\\n1\\n_\\n5\\n7\\n5\\n3\\n8\\np\\nd\\n\\n.\\n\\nf\\n \\n\\nb\\ny\\n \\ng\\nu\\ne\\ns\\nt\\n \\n\\n \\n\\no\\nn\\n0\\n4\\n \\nJ\\na\\nn\\nu\\na\\nr\\ny\\n \\n2\\n0\\n2\\n3\\n\\n\\x0cA Roadmap to Large-Scale Multi-Country Replications in Psychology\\n\\nWe suggest that authorship be granted to all collabora-\\ntors who contribute substantially to any crucial parts of the \\nstudy.', '\\n\\nCollabra: Psychology\\n\\n5\\n\\nl\\n\\nD\\no\\nw\\nn\\no\\na\\nd\\ne\\nd\\n\\n \\nf\\nr\\no\\nm\\nh\\n\\n \\n\\nt\\nt\\n\\np\\n\\n:\\n/\\n/\\n\\no\\nn\\n\\nl\\ni\\n\\n.\\n\\nn\\ne\\nu\\nc\\np\\nr\\ne\\ns\\ns\\n.\\ne\\nd\\nu\\n/\\nc\\no\\n\\nl\\nl\\n\\n/\\n\\na\\nb\\nr\\na\\na\\nr\\nt\\ni\\nc\\ne\\n-\\np\\nd\\n\\nl\\n\\nf\\n/\\n\\n/\\n\\n/\\n\\n/\\n\\n8\\n1\\n5\\n7\\n5\\n3\\n8\\n7\\n6\\n7\\n4\\n2\\n7\\n/\\nc\\no\\n\\nl\\nl\\n\\na\\nb\\nr\\na\\n_\\n2\\n0\\n2\\n2\\n_\\n8\\n_\\n1\\n_\\n5\\n7\\n5\\n3\\n8\\np\\nd\\n\\n.\\n\\nf\\n \\n\\nb\\ny\\n \\ng\\nu\\ne\\ns\\nt\\n \\n\\n \\n\\no\\nn\\n0\\n4\\n \\nJ\\na\\nn\\nu\\na\\nr\\ny\\n \\n2\\n0\\n2\\n3\\n\\n\\x0cA Roadmap to Large-Scale Multi-Country Replications in Psychology\\n\\ntural  approach  in  mind,  it  can  be  difficult  for  researchers \\nto  globalise  their  samples  at  later  stages.', 'https://doi.org/10.1038/\\ns41562-021-01092-x \\n\\nCollabra: Psychology\\n\\n16\\n\\nl\\n\\nD\\no\\nw\\nn\\no\\na\\nd\\ne\\nd\\n\\n \\nf\\nr\\no\\nm\\nh\\n\\n \\n\\nt\\nt\\n\\np\\n\\n:\\n/\\n/\\n\\no\\nn\\n\\nl\\ni\\n\\n.\\n\\nn\\ne\\nu\\nc\\np\\nr\\ne\\ns\\ns\\n.\\ne\\nd\\nu\\n/\\nc\\no\\n\\nl\\nl\\n\\n/\\n\\na\\nb\\nr\\na\\na\\nr\\nt\\ni\\nc\\ne\\n-\\np\\nd\\n\\nl\\n\\nf\\n/\\n\\n/\\n\\n/\\n\\n/\\n\\n8\\n1\\n5\\n7\\n5\\n3\\n8\\n7\\n6\\n7\\n4\\n2\\n7\\n/\\nc\\no\\n\\nl\\nl\\n\\na\\nb\\nr\\na\\n_\\n2\\n0\\n2\\n2\\n_\\n8\\n_\\n1\\n_\\n5\\n7\\n5\\n3\\n8\\np\\nd\\n\\n.\\n\\nf\\n \\n\\nb\\ny\\n \\ng\\nu\\ne\\ns\\nt\\n \\n\\n \\n\\no\\nn\\n0\\n4\\n \\nJ\\na\\nn\\nu\\na\\nr\\ny\\n \\n2\\n0\\n2\\n3\\n\\n\\x0cA Roadmap to Large-Scale Multi-Country Replications in Psychology\\n\\nScheel, A. M., Schijen, M. R. M. J., & Lakens, D. (2021).']"
28,27,32,27_interventions_implicit_preferences_bias,"['interventions', 'implicit', 'preferences', 'bias', 'reducing', 'intervention', 'significant', 'effective', 'judgment', 'reduce']","['Reducing implicit racial preferences: I.', '\\n\\nResearch contests to reduce implicit \\nrace preferences (Lai et al., 2014, 2016) \\n\\nAd-hoc \\n\\nA series of contests to develop the most effective interventions to \\nreduce implicit race preferences.', '(2014)\\n\\nContest to identify the most effective \\n\\n8 of 17 interventions effective in the short term \\n\\nintervention to reduce implicit preferences \\nfor Whites over Blacks\\n\\nbut none effective a day or more after the \\nintervention; teams were able to iteratively \\nimprove their interventions between rounds.\\n\\nsuccessfully replicate a given behavioral effect (Bench, \\nRivera, Schlegel, Hicks, & Lench, 2017; see also Klein, \\nVianello,  Hasselman,  &  Nosek,  2018),  and  crowds  of \\ninvestigators do not exhibit measurably different \\xe2\\x80\\x9cflair\\xe2\\x80\\x9d \\nat  designing  studies  that  obtain  significant  findings \\n(Landy et\\xc2\\xa0al., 2018).\\n\\nThese  null  findings  are  surprising\\xe2\\x80\\x94there  must  be \\nsome point at which a crowd project becomes overly \\ninclusive  and  insufficiently  expert  members  compro-\\nmise overall quality.']"
29,28,31,28_preregistration_registered_registration_pre,"['preregistration', 'registered', 'registration', 'pre', 'reports', 'report', 'exploratory', 'descriptive', 'testing', 'plans']","['Registered reports.', 'Although descriptive and exploratory research (rather than \\n\\n \\n\\n \\n\\n6 \\n\\n\\x0cconfirmatory experiments) may not fit with current norms of pre-registration, many aspects of \\n\\nresearch plans can be registered before embarking on an exploratory or descriptive study.', '\\n\\nAlthough most preregistration templates focus on hypothesis testing for randomized experiments, \\n\\nguidelines on pre-registration of secondary data analyses (Akker et al., 2021), longitudinal \\n\\nresearch (Petersen et al., 2022), and descriptive, discovery science (Kosie & Lew-Williams, 2022) \\n\\nare emerging.']"
30,29,31,29_peer_review_preprints_by,"['peer', 'review', 'preprints', 'by', 'article', 'quadrant', 'reviews', 'colleagues', 'right', 'your']","['Open peer review, in which \\nanyone  can  publicly  comment  on  a  scientific  manu-\\nscript  or  article,  falls  into  the  bottom-right  quadrant, \\nand  crowd  review  by  experts  carefully  chosen  by  a \\njournal editor falls into the top-right quadrant.', 'Original  authors  would  have  the \\nopportunity to update their article in light of new evi-\\ndence or arguments, with older versions archived, as in \\nthe Living Reviews group of journals in physics.\\n\\nIn contrast to such a radical bottom-right-quadrant \\napproach (open communication, highly inclusive), top-\\nright-quadrant versions of peer review would invite a \\ncrowd of topic experts carefully selected by a journal \\neditor.', 'This suggests cautious \\noptimism in moving down the vertical axis of Figure 1 \\nto  allow  for  written  work  from  unconventional  con-\\ntributors, with the degree of inclusiveness varying by \\nthe technical expertise and topic knowledge required \\nfor a given article.\\n\\nPeer review\\nIn  the  current  system  of  academic  peer  review,  an \\nunpublished manuscript is submitted to a journal and \\nevaluated by the editor and usually two to five external \\nreferees,  each  of  whom  provides  detailed  feedback, \\noften  over  multiple  rounds  of  revisions  and  serially \\nacross multiple journals.']"
31,30,30,30_journal_review_economic_60,"['journal', 'review', 'economic', '60', 'harvard', 'management', 'x80', 'xe2', 'electronic', 'ssrn']","['Harvard Business Review, 92, 60\\xe2\\x80\\x9368.\\n\\nChurch, G. M. (2005).', 'American Economic Review, 107(5), 60\\xe2\\x80\\x9364.', 'Journal of Economic \\nPsychology.']"
32,31,30,31_funding_nfunding_grants_funds,"['funding', 'nfunding', 'grants', 'funds', 'grant', 'spend', 'wahls', 'to', 'for', 'proposals']","['Most \\nscience grantmakers also rely on competitive peer review to select the most \\xe2\\x80\\x9cworthy\\xe2\\x80\\x9d projects, a \\nfunding model that risks inefficiency because it encourages grantwriters to spend more time on \\ngrants than the activities the grants would fund (Gross & Bergstrom, 2019).', 'This  sort  of  detailed \\naccounting is a necessary precursor for the acceptance \\nof increasingly long author lists that are already com-\\nmonplace in fields such as high-energy physics.\\n\\nDistribution of grant funding\\nEmpirical  evidence  suggests  that  distributing  grant \\nfunding more evenly would increase the total return on \\ninvestment  in  terms  of  scientific  knowledge  (Wahls, \\n\\nSelection and promotion criteria\\nIn  addition  to  traditional  metrics  of  scholarly  merit, \\nsearch  and  promotion  committees  should  take  into \\n\\n\\x0c726 \\n\\nUhlmann et al.\\n\\naccount an applicant\\xe2\\x80\\x99s contributions to conducting rig-\\norous  research  and  making  science  better.', 'The funding models could entail what is most \\nfamiliar to academic scientists: designating some team members as grantwriters who spend part \\nof their time identifying and applying for large grants to support the big team science \\norganization.']"
33,32,29,32_2018_2019_npopkin_ninnocentive,"['2018', '2019', 'npopkin', 'ninnocentive', 'yildiz', 'behave', 'wu', 'oh', 'vol', 'ntable']","['(2018).', '(2018).', '(2018).']"
34,33,29,33_org_10_doi_https,"['org', '10', 'doi', 'https', '1177', '2021', 'huber', 'ramos', 'xc4', 'van']","['\\n\\nhttps://doi.org/10.1056/NEJMp1608766 \\n\\nEspinosa, J. P. A., Levcovitz, G. B., Bianchi, R.-M., Brock, I., Carli, T., Castro, N. F., Ciocio, \\n\\nA., Colautti, M., Menezes, A. C. D. S., da Fonseca, G. D. O., Alves, L. D. M., Hoecker, \\n\\nA., Ramos, B. L., Pinh\\xc3\\xa3o, G. L. L., Maidantchik, C., Malek, F., McPherson, R., Picco, G., \\n\\n& Santos, M. T. D. (2020).', 'http\\ns://doi.org/10.1177/2515245919900809 \\n\\nMenkveld, A. J., Dreber, A., Holzmeister, F., Huber, J., \\n\\nJohanneson, M., Kirchler, M., Razen, M., Weitzel, U., \\nAbad, D., Abudy, M. (Meni), Adrian, T., Ait-Sahalia, \\nY., Akmansoy, O., Alcock, J., Alexeev, V., Aloosh, A., \\nAmato, L., Amaya, D., Angel, J. J., \\xe2\\x80\\xa6 Bao, L. (2021).', '\\nhttps://doi.org/10.1098/rsos.181386 \\n\\nTsui, A. S. M., Carstensen, A., Kachergis, G., Abubakar, \\nA., Asnake, M., Barry, O., Basnight-Brown, D., Bentu, \\nD., Bergmann, C., Binan Dami, E., Boll-Avetisyan, N., \\nde Jongh, M., Diop, Y., Herrmann, E., Jang, C., Kizito, \\nS., Lamba, T., Maliwichi-Senganimalunje, L., \\nMarangu, J., \\xe2\\x80\\xa6 Frank, M. C. (2021).']"
35,34,28,34_academy_proceedings_national_sciences,"['academy', 'proceedings', 'national', 'sciences', 'usa', 'royal', '115', 'society', '1098', 'rsos']","['Proceedings  of \\nthe National Academy of Sciences, USA,  15,  2607\\xe2\\x80\\x932612.', 'Proceedings  of \\nthe National Academy of Sciences, USA, 115, 2600\\xe2\\x80\\x932606.', 'Proceedings of the National Academy of Sciences, 115(11), 2600\\xe2\\x80\\x932606.']"
36,35,27,35_effect_results_nprediction_predictions,"['effect', 'results', 'nprediction', 'predictions', 'size', 'naggregated', 'anticipated', 'effects', 'xa0al', 'sizes']","['(2015)\\n\\nPrediction market to see whether independent \\n\\nAggregated predictions accurately anticipated \\n\\nscientists could forecast the results of the \\nReproducibility Project: Psychology\\n\\nreplication results\\n\\n(continued)\\n\\n\\x0c719\\n\\nCrowdsourcing Science \\n\\nTable 2.', '(2018)\\n\\n(2018b)\\n\\nMethod\\n\\nKey result(s)\\n\\nPrediction market to see whether independent \\nscientists could forecast replication results in \\nexperimental economics\\n\\nAggregated predictions accurately anticipated \\n\\nreplication results\\n\\nDellaVigna and Pope \\n\\nPrediction survey to see whether forecasters \\n\\nAggregated predictions anticipated research \\n\\nLandy et\\xc2\\xa0al.', '(2018)\\n\\nPrediction survey to see whether independent \\n\\nAggregated predictions accurately anticipated \\n\\ncould anticipate the effects of treatment \\nconditions on worker productivity\\n\\nPrediction survey to see whether scientists \\ncould forecast the size of political biases \\nin scientific abstracts and to gauge their \\nreactions to the research results\\n\\nscientists could predict the results of \\nconceptual replications\\n\\nPrediction market to see whether independent \\nscientists could forecast results replications \\nof social-science articles in Science and \\nNature\\n\\ncould anticipate the effects of treatment \\nconditions on worker productivity as \\nwell as moderation by their demographic \\ncharacteristics\\n\\noutcomes; expert behavioral scientists, \\ndoctoral students, and Mechanical Turk \\nworkers similarly accurate\\n\\nForecasters accurately predicted that \\n\\nconservatives would be explained more, \\nand explained in more negative terms, in \\nscientific abstracts in social psychology; they \\nalso significantly overestimated the size of \\nboth effects but updated their beliefs in light \\nof the new evidence\\n\\noverall outcomes, including variability in \\nresults across different study designs testing \\nthe same hypothesis\\n\\nAggregated predictions accurately anticipated \\n\\nreplication results\\n\\neffects but overestimated the importance of \\ndemographic moderators; academic seniority \\ndid not moderate forecasting accuracy\\n\\nDellaVigna and Pope \\n\\nPrediction survey to see whether forecasters \\n\\nAggregated predictions anticipated treatment \\n\\nForsell et\\xc2\\xa0al.']"
37,36,27,36_nature_x80_xe2_508,"['nature', 'x80', 'xe2', '508', '7569', 'n445', '466', 'frontiers', 'environment', 'nmadisen']","['Nature\\n445, 168\\xe2\\x80\\x93176.\\n\\nMadisen, L., Zwingman, T.A., Sunkin, S.M., Oh,\\nS.W., Zariwala, H.A., Gu, H., Ng, L.L., Palmiter,\\nR.D., Hawrylycz, M.J., Jones, A.R., et al.', 'Nature 508, 517\\xe2\\x80\\x93520 (2014).', 'Nature 508, 199\\xe2\\x80\\x93206.\\n\\nOh, S.W., Harris, J.A., Ng, L., Winslow, B., Cain, N.,\\nMihalas, S., Wang, Q., Lau, C., Kuan, L., Henry,\\nA.M., et al.']"
38,37,26,37_leadership_leaders_organization_unaccountable,"['leadership', 'leaders', 'organization', 'unaccountable', 'values', 'stakeholders', 'those', 'people', 'if', 'power']","['However, to mitigate the risk of a lack of accountability, \\ncentralization of leadership must be accompanied with mechanisms to hold leadership \\naccountable for its decisions if those leaders pursue directions with which important stakeholders \\ndisagree.', 'Once articulated, these values can \\n\\n \\n\\n\\x0c13 \\n\\nallow the organization\\xe2\\x80\\x99s stakeholders to identify leadership mistakes that might require \\naccountability by allowing those stakeholders to evaluate whether leadership actions do indeed \\nfit with the organization\\xe2\\x80\\x99s values.', 'Finally, unaccountable leadership \\ncan have negative consequences for individual scholars who do not conform to leadership\\xe2\\x80\\x99s \\nperhaps narrow expectations of who is a proper \\xe2\\x80\\x9cbig team scientist\\xe2\\x80\\x9d \\xe2\\x80\\x93 especially if the leadership \\nhas influence over important mechanisms of career advancement (Azoulay et al., 2019).']"
39,38,26,38_2014_june__,"['2014', 'june', '', '', '', '', '', '', '', '']","['(2014).', '(2014).', '(2014).']"
40,39,26,39_6251_aac4716_349_xe2,"['6251', 'aac4716', '349', 'xe2', 'x80', 'xce', 'x931425', '1422', 'x84', '348']","['\\n\\nScience, 349(6251), aac4716\\xe2\\x80\\x93aac4716.', 'Searches for heavy ZZ and ZW resonances in the \\xe2\\x84\\x93\\xe2\\x84\\x93qq and \\xce\\xbd\\xce\\xbdqq \\n\\nfinal states in pp collisions at s = 13 $$ \\\\sqrt{s}=13 $$ TeV with the ATLAS detector.', '\\n\\nScience, 349(6251), aac4716.']"
41,40,25,40_country_multi_university_replications,"['country', 'multi', 'university', 'replications', 'department', 'replication', 'psychology', 'aarhus', 'school', 'countries']","['In  two  online  panel \\ndiscussions (Anand-Vembar et al., 2021; Jarke et al., 2021), \\nwe  brought  together  researchers  who  participated  in  and \\norganised  multi-country  replication  efforts  to  discuss  key \\naspects of such undertakings (see Table 1 for an overview).', 'Contributors who Participated in the Panel on Multi-Country Replication Studies.', 'Collabra: Psychology, 8(1).\\nhttps://doi.org/10.1525/collabra.57538\\n\\n \\n\\n \\n\\n \\n\\n \\n\\n \\n\\n , Gilad Feldman 8  \\n\\n , Shilaan Alzahawi 4  \\n\\n , Eduardo Garcia-Garzon 2,9  \\n\\n a , Shaakya Anand-Vembar 2,3  \\n\\n , Anna Louise Todsen 2,14  , Bojana Ve\\xc4\\x87kalov 2,15  \\n\\nMethodology and Research Practice \\nA Roadmap to Large-Scale Multi-Country Replications in \\n \\n \\nPsychology  \\nHannes Jarke 1,2  \\nAlexandra Carstensen 7  \\nSavannah Lewis 12,13  \\n1 Centre for Business Research, Judge Business School, University of Cambridge, Cambridge, UK, 2 Junior Researcher Programme, Cambridge, UK, \\n3 Department of Psychiatry, School of Medicine, Trinity College Dublin, Ireland, 4 Graduate School of Business, Stanford University, Stanford, CA, US, \\n5 Child and Adolescent Mental Health Center, Copenhagen University Hospital, Mental Health Services Copenhagen, Copenhagen, Denmark, \\n6 Department of Psychology and Mental Health, University of Manchester, Manchester, UK, 7 Psychology Department, University of California, San \\nDiego, La Jolla, CA, US, 8 Psychology Department, University of Hong Kong, 9 School of Health, Camilo Jos\\xc3\\xa9 Cela University, Villafranca del Castillo, \\nMadrid, Spain, 10 University of Connecticut, Storrs, CT, USA, 11 Department of Psychology, Monk Prayogshala, Mumbai, India, 12 Psychological Science \\nAccelerator, 13 International Collaboration Research Center, Ashland University, Ashland, OH, US, 14 School of Psychology and Neuroscience, Faculty \\nof Arts, University of St Andrews, St Andrews, UK, 15 Department of Psychology, University of Amsterdam, Amsterdam, The Netherlands, 16 Centre for \\nIntegrative Business Psychology, Aarhus University, Aarhus, Denmark, 17 Department of Management, Aarhus University, Aarhus, Denmark, \\n18 Environmental Psychology, Department of Cognition, Emotion, and Methods, Faculty of Psychology, University of Vienna, Vienna, Austria \\nKeywords: Replication, Multi-country, Psychology, Big Team Science, Underrepresented Populations, Research Methodology, Reproducibility, \\nInternational Research \\nhttps://doi.org/10.1525/collabra.57538 \\n\\n , Thomas Lind Andersen 2,5  \\n ,\\n\\n , Hansika Kapoor 10,11  \\n\\n , Janis H. Zickfeld 16,17  \\n\\n , Sandra J. Geiger 2,18  \\n\\n , Lana Bojani\\xc4\\x87 6  \\n\\n ,\\n\\nCollabra: Psychology \\nVol.']"
42,41,24,41_pubmed_al_jahanshad_et,"['pubmed', 'al', 'jahanshad', 'et', 'xc3', 'df', 'dams', 'xa4mann', 'x99connor', 'hibar']","['[PubMed: 30943078] \\n\\nRenter\\xc3\\xada ME, Schmaal L, Hibar DP, Couvy-Duchesne B, Strike LT, Mills NT, et al.', '[PubMed: 27137745] \\n\\nSchmaal L, Veltman DJ, van Erp TGM, S\\xc3\\xa4mann PG, Frodl T, Jahanshad N, et al.', '[PubMed: 26186169] \\n\\nSchmaal L, Hibar DP, S\\xc3\\xa4mann PG, Hall GB, Baune BT, Jahanshad N, et al.']"
43,42,24,42_2016_nkriegeskorte_stolovitzky_nvideo,"['2016', 'nkriegeskorte', 'stolovitzky', 'nvideo', 'wu', '1979', 'nmoshontz', 'game', 'quantum', 'moves']","['(2016).', '2016).', '(2016).']"
44,43,23,43_medicine_journal_clinical_x80,"['medicine', 'journal', 'clinical', 'x80', 'xe2', '47', 'translational', '263', 'neurotrauma', 'sports']","['New England Journal of Medicine, 375(24), 2315\\xe2\\x80\\x932317.', 'American Journal of Preventive Medicine, 35(2), S96\\xe2\\x80\\x93S115.', 'The American \\njournal of sports medicine, 47(5), 1236\\xe2\\x80\\x931247.']"
45,44,21,44_translation_back_target_translated,"['translation', 'back', 'target', 'translated', 'language', 'method', 'cultural', 'bilingual', 'translates', 'translating']","['\\nThe forward- and back-translation protocol (Brislin, 1970) \\nseems  to  be  the  most  commonly  utilised  method  in  psy-\\nchological research and requires at least one bilingual, as \\nwell  as  additional  native  speakers  of  the  target  language.', 'Back-translation for cross-cultural \\n\\nresearch.', 'Assessing the use of back translation: \\n\\nThe shortcomings of back translation as a quality \\ntesting method.']"
46,45,20,45_scholar_scholars_practitioners_new,"['scholar', 'scholars', 'practitioners', 'new', 'academic', 'emerging', 'collaborative', 'will', 'future', 'research']","['In addition, scholar-practitioners will also need to know how to show impact \\nfrom their collaborative efforts to better advance one\\xe2\\x80\\x99s self for promotion and tenure.', 'Scholars and scholar-practitioners will be better served to collaborate, joining \\nacademia with practice, to gain future funding for research.', 'During an academic\\xe2\\x80\\x99s transition and professional development, these \\nmethods will help emerging scholars, new to collaborative research, when facing the \\nteam science revolution.\\nThe Stakeholders\\nScholars and scholar-practitioners engaged in collaborative research.']"
47,46,20,46_addiction_crowdsourcing_cigarette_behavioral,"['addiction', 'crowdsourcing', 'cigarette', 'behavioral', 'alcohol', 'use', 'best', 'xac', 'xef', 'careless']","['Alongside optimism about the practical\\nbene\\xef\\xac\\x81ts that crowdsourcing may provide are uncertainties about the\\nvalidity of these approaches and how they can (and cannot) be used.\\nThis special issue includes a collection of articles on best practices and\\nemerging research using crowdsourcing for addictions research.\\n\\nArticles included in this special issue emphasize that data quality\\nand control methods are critical in crowdsourcing platforms to\\nensure data are reliable and valid.', 'Addiction scientists will bene\\xef\\xac\\x81t\\nfrom the adoption of best practice guidelines in crowdsourcing as well as developing novel approaches,\\nvenues, and applications to advance the \\xef\\xac\\x81eld.\\n\\nPublic Health Signi\\xef\\xac\\x81cance\\nThe following set of articles in this special issue describes best practice methods and novel applications\\nof crowdsourcing in addiction and psychological science.', '4, 379\\xe2\\x80\\x93380\\nhttps://doi.org/10.1037/pha0000582\\n\\nExperimental and Clinical Psychopharmacology\\n\\nINTRODUCTION\\n\\nCrowdsourcing Methods in Addiction Science:\\n\\nEmerging Research and Best Practices\\n\\nJustin C. Strickland1, Michael Amlung2, 3, and Derek D. Reed2, 3\\n\\n1 Department of Psychiatry and Behavioral Sciences, Johns Hopkins University School of Medicine\\n\\n2 Department of Applied Behavioral Science, University of Kansas\\n\\n3 Cofrin Logan Center for Addiction Research and Treatment, Lawrence, Kansas, United States\\n\\nCrowdsourcing platforms such as Amazon Mechanical Turk, Proli\\xef\\xac\\x81c, and Qualtrics Panels have become a\\ndominant form of sampling in recent years.']"
48,47,20,47_team_members_section_form,"['team', 'members', 'section', 'form', 'task', 'agreement', 'xa2', 'contract', 'along', 'x99s']","['This  exercise  also  begins  to  develop  the  team\\xe2\\x80\\x99s  cognition,  the  organized \\nunderstanding  of  collective  knowledge  among  team  members  (Mohammed  & \\nDumville, 2001).\\n\\nThe second section requires group members to identify what the team\\xe2\\x80\\x99s task goals \\nand process goals are.', 'The last section involves each team mem-\\nber agreeing to the information on the form and willing to adopt the changes recom-\\nmended by the team for the next cycle.\\n\\nThis process of having the team agree to the team\\xe2\\x80\\x99s goals, coordination, communi-\\ncation, and leadership begins the process of managing the emerging states of team-\\nwork.', 'A team or collaborative agreement should cover a team\\xe2\\x80\\x99s goals and schedule, \\ninformation  pertaining  to  who  will  perform  which  tasks  and  when,  credit  for  task \\naccomplishment acknowledged by peers (other team members), contingencies around \\ncommunicating, and any conflicts of interests (Bennett & Gadlin, 2012).\\n\\nThe team agreement contract in Figure 2 provides information on who is on the \\nteam along with the team\\xe2\\x80\\x99s name.']"
49,48,20,48_depression_major_white_disorder,"['depression', 'major', 'white', 'disorder', 'depressive', 'matter', 'stress', 'nabnormalities', 'httlpr', 'subcortical']","['White Matter Microstructural Differences in Major Depression: Meta-Analytic Findings from \\nEnigma-MDD DTI.', 'Subcortical \\n\\nbrain structure and suicidal behaviour in major depressive disorder: a meta-analysis from the \\nENIGMA-MDD working group.', 'Cortical \\n\\nabnormalities in adults and adolescents with major depression based on brain scans from 20 \\ncohorts worldwide in the ENIGMA Major Depressive Disorder Working Group.']"
50,49,20,49_press_england_wiley_york,"['press', 'england', 'wiley', 'york', 'princeton', 'university', 'mit', 'books', 'london', 'new']","['London, England: Imperial College Press.\\n\\nMynatta,  C.  R.,  Dohertya,  M.  E.,  &  Tweneya,  R.  D.  (1977).', 'Princeton, NJ: Princeton University Press.\\n\\nSalter, S. J., Cox, M. J., Turek, E. M., Calus, S. T., Cookson, \\nW.\\xc2\\xa0O., Moffatt, M. F., .', 'New York, NY: Rockefeller University Press.\\n\\nChristensen, C. M., & van Bever, D. (2014).']"
51,50,20,50_human_hrd_resource_developing,"['human', 'hrd', 'resource', 'developing', 'nadvances', 'development', '22', 'authored', 'field', 'trends']","['The trends for each of the four journals highlight the point \\nthat single-authored research is becoming less common and that the trend of multiple-\\nauthored research has impacted the field of HRD and is expected to continue to grow.\\n\\n\\x0c76 \\n\\nAdvances in Developing Human Resources 22(1)\\n\\nFigure 1.', 'HRD = human resource development; HRDQ = Human Resource Development Quarterly;  \\nHRDI = Human Resource Development International; HRDR = Human Resource Development Review; \\nADHR = Advances in Developing Human Resources.\\n\\nThis increasing trend in multiauthor, multi-institutional, and multinational research \\ncollaborations has been found in other disciplines (Rahman et al., 2017; Yu et al., \\n2013).', 'He has published a number of book \\n\\n\\x0c86 \\n\\nAdvances in Developing Human Resources 22(1)\\n\\nchapters and research articles in Advances in Developing Human Resources; Human Resource \\nDevelopment Review; European Journal of Training & Development; International Journal of \\nTechnology,  Knowledge,  &  Society;  Journal  of  Information  and  Knowledge  Management; \\nJournal  of  Manufacturing  Technology  Management;  Journal  of  Knowledge  Management; \\nPerformance Improvement; Performance Improvement Quarterly; and Systems.\\n\\nRose Baker, PhD, is an assistant professor in the Learning Technologies Department in the \\nCollege of Information at the University of North Texas.']"
52,51,20,51_cid_21_jstor_utc,"['cid', '21', 'jstor', 'utc', '198', 'downloaded', 'feb', 'mon', '2023', '06']","['The most extreme example today of huge mobilization of re\\n 1062\\n\\nThis content downloaded from \\n(cid:0)198.51.92.3 on Mon, 06 Feb 2023 21:21:35 UTC(cid:0)\\n(cid:0) \\n\\nAll use subject to https://about.jstor.org/terms\\n\\n(cid:0)\\n(cid:0)\\n(cid:0)\\n(cid:0)\\n(cid:0)\\n(cid:0)\\n(cid:0)\\n(cid:0)\\n(cid:0)\\n(cid:0)\\n(cid:0)\\n(cid:0)\\n(cid:0)\\n(cid:0)\\n(cid:0)\\n(cid:0)\\n(cid:0)\\n(cid:0)\\n(cid:0)\\n(cid:0)\\n(cid:0)\\n(cid:0)\\n(cid:0)\\n(cid:0)\\n(cid:0)\\n\\x0c Scientific Teams and Scientific Laboratories\\n\\n sources for a purpose that is at least partly scientific is the exploration\\n of space.', 'Most experiments\\n 1068\\n\\nThis content downloaded from \\n(cid:0)198.51.92.3 on Mon, 06 Feb 2023 21:21:35 UTC(cid:0)\\n(cid:0) \\n\\nAll use subject to https://about.jstor.org/terms\\n\\n(cid:0)\\n(cid:0)\\n(cid:0)\\n(cid:0)\\n(cid:0)\\n(cid:0)\\n(cid:0)\\n(cid:0)\\n(cid:0)\\n(cid:0)\\n(cid:0)\\n(cid:0)\\n(cid:0)\\n(cid:0)\\n(cid:0)\\n(cid:0)\\n(cid:0)\\n(cid:0)\\n(cid:0)\\n(cid:0)\\n(cid:0)\\n(cid:0)\\n(cid:0)\\n(cid:0)\\n(cid:0)\\n\\x0c Scientific Teams and Scientific Laboratories\\n\\n seek to measure, in various nuclides, specific properties that already\\n fit into a general theoretical framework.', 'For many years applied chemistry\\n\\n 1069\\n\\nThis content downloaded from \\n(cid:0)198.51.92.3 on Mon, 06 Feb 2023 21:21:35 UTC(cid:0)\\n(cid:0) \\n\\nAll use subject to https://about.jstor.org/terms\\n\\n(cid:0)\\n(cid:0)\\n(cid:0)\\n(cid:0)\\n(cid:0)\\n(cid:0)\\n(cid:0)\\n(cid:0)\\n(cid:0)\\n(cid:0)\\n(cid:0)\\n(cid:0)\\n(cid:0)\\n(cid:0)\\n(cid:0)\\n(cid:0)\\n(cid:0)\\n(cid:0)\\n(cid:0)\\n(cid:0)\\n(cid:0)\\n(cid:0)\\n(cid:0)\\n(cid:0)\\n(cid:0)\\n\\x0c D^DALUS\\n\\n has been conducted to great advantage in the industrial laboratory\\n without benefit of students.']"
53,52,19,52_multidisciplinary_dehart_disciplinary_disciplines,"['multidisciplinary', 'dehart', 'disciplinary', 'disciplines', 'transdisciplinary', 'research', 'involves', 'multiple', 'cross', 'fiore']","['Multidisciplinary \\nincludes  research  that  involves  contributions  from  multiple  disciplines  (DeHart, \\n2017), defined as the \\xe2\\x80\\x9ccoordinated efforts of some set of disciplines designed \\nto  achieve  some  common  goal  or  goals\\xe2\\x80\\x9d  (Fiore,  2008,  p.  254).', 'This increasing trend falls under the umbrella of cross-disciplinary research \\nin which a shift in traditional academic practices involving collaboration trumps indi-\\nvidual achievement, creating a culture of collaboration, a collaboration cosmoplitan-\\nism, or a team science revolution (Bozeman & Youtie, 2017).\\n\\nCross-Disciplinary Collaboration\\nWhen dealing with cross-disciplinary research, multiple agents from differing disci-\\nplines  are  involved  in  exchanging  multiple  perspectives,  philosophies,  and  theories \\naimed toward the phenomenon and research problem.', 'TSci  views  cross-disciplinary  research  as  a \\n\\xe2\\x80\\x9cprocess of teamwork to be mastered\\xe2\\x80\\x9d (Fiore, 2008, p. 256).\\n\\nDepending on the level of complexity in a research problem, there are generally \\nfour different types of cross-disciplinary collaboration research models (i.e., uni-\\ndisciplinary, multidisciplinary, interdisciplinary, transdisciplinary).']"
54,53,19,53_2017_nneylon_lench_july,"['2017', 'nneylon', 'lench', 'july', '1973', 'earp', '14', '2015', '', '']","['(2017).', '(2017).', '(2017).']"
55,54,19,54_2005_1997_2000_99,"['2005', '1997', '2000', '99', 'september', '1955', 'october', '2004', '2002', '2003']","['(2005).', '(2005).', '(2005).']"
56,55,19,55_dragnet_nutrient_grasslands_xc2,"['dragnet', 'nutrient', 'grasslands', 'xc2', 'primates', 'global', 'primate', 'species', 'from', '40']","['Lauren\\xc2\\xa0L.\\xc2\\xa0Sullivan is an assistant \\nprofessor of biological sciences at the \\nUniversity of Missouri, Columbia, USA, and \\nthe principal investigator of the Disturbance \\nand Resources Across Global Grasslands \\n(DRAGNet) project.', '\\n\\nData from 2,329 infants collected by \\n150\\xc2\\xa0researchers in 16 countries across \\nthe\\xc2\\xa0world3.\\n81 researchers studied 421 primates8.\\n\\nUsing data from the broader Nutrient \\nNetwork experiment (>130 collaborating \\nsites), researchers documented effects \\nof controlled combinations of nutrient \\naddition and herbivore exclusion on plant \\ndiversity at 40 sites across the globe13.', 'In addition to the \\nManyBabies Consortium, the authors have \\ncollectively been involved in creating the \\nPsychological Science Accelerator (involv-\\ning some 1,200\\xc2\\xa0researchers)5, the Disturbance \\nand Resources Across Global Grasslands net-\\nwork (DRAGNet; around 100 researchers; \\nhttps://dragnetglobal.weebly.com) and the \\nManyPrimates project (comprising about \\n150\\xc2\\xa0researchers6; see \\xe2\\x80\\x98Examples of big-team \\nscience\\xe2\\x80\\x99).']"
57,56,19,56_xa0al_xc2_et_xc3,"['xa0al', 'xc2', 'et', 'xc3', 'xa6', 'ncamerer', '2018', 'nsource', 'continued', 'silberzahn']","['Silberzahn et\\xc2\\xa0al.', '(Continued)\\n\\nSource\\n\\nCamerer et\\xc2\\xa0al.', '(2018)\\n\\nCamerer et\\xc2\\xa0al.']"
58,57,18,57_language_talkbank_wordbank_transcripts,"['language', 'talkbank', 'wordbank', 'transcripts', 'speech', 'contains', 'acquisition', 'child', 'across', 'nlearning']","['Developmental \\n\\nresearchers have leveraged the openly shared transcripts of TalkBank to tackle questions about \\n\\n \\n\\n \\n\\n19 \\n\\n\\x0clanguage learning and speech production in monolingual and bilingual populations from diverse \\n\\ncultural communities, individuals experiencing language disfluencies (e.g., stuttering), persons \\n\\nwith autism spectrum disorder, and so on, and it even contains transcripts from classroom \\n\\nsettings.', 'One important goal of research in language acquisition is to characterize the shared \\n\\nlearning mechanisms that \\xe2\\x80\\x93 in combination with language specific environmental input \\xe2\\x80\\x93 lead to \\n\\nthe acquisition of a child\\xe2\\x80\\x99s native language(s).', 'TalkBank\\xe2\\x80\\x99s reliance on an openly shared uniform transcription format (CHAT), \\n\\nfacilitates combining language data across studies, and thus allows researchers to analyze various \\n\\ncomponents of language \\xe2\\x80\\x93 phonology, lexicon, syntax, and discourse \\xe2\\x80\\x93 across larger samples than \\n\\nwould be possible in a single lab.']"
59,58,18,58_tbi_disorder_comorbid_outcome,"['tbi', 'disorder', 'comorbid', 'outcome', 'disorders', 'ptsd', 'injury', 'severity', 'measures', 'differ']","['TBI=traumatic brain injury, \\ndMRI=diffusion magnetic resonance spectroscopy, EEG=electroencephalography, \\nrsfMRI=resting state functional MRI, tbfMRI=task based fMRI, GWAS=genome-wide \\nassociation study, CNV=copy number variation, MDD=major depressive disorder, \\nAD=anxiety disorder, PTSD=post-traumatic stress disorder, FTD=frontotemporal dementia, \\nHIV=human immunodeficiency virus, OCD=obsessive compulsive disorder, \\nADHD=attention-deficit/hyperactivity disorder, 22q DS=22q11.2 deletion syndrome.', 'Depression, PTSD, and substance use disorders (SUDs) are \\nall potentially comorbid with TBI, as either pre-injury and/or outcome so interfacing with \\nthese groups will support important cross-disorder analyses.\\n\\nENIGMA has the potential to address many of the challenges listed above.', 'Although the \\nintroduction of International Common Data Elements for TBI has facilitated use of \\nrecommended measures within a variety of outcome domains, considerable variability still \\nexists as appropriate measures differ between populations of interest (e.g., athletes vs \\nmilitary), age range (measures developed and normed for young children differ from those \\nused in older children or adults), acuity (symptoms and outcome for acute vary from those in \\nchronic phases of recovery) and severity (outcome domains and measures most relevant for \\nconcussion differ from those used in more severe TBI).']"
60,59,18,59_2022_dohle_nexperimentally_nclarify,"['2022', 'dohle', 'nexperimentally', 'nclarify', 'ziano', 'explanation', 'nhere', 'again', 'showed', 'holds']","['S. (2022).', 'K. (2022).', '\\n(2022).']"
61,60,17,60_2007_2008_edition_thiet,"['2007', '2008', 'edition', 'thiet', 'june', 'third', '2006', '2009', '', '']","['2007).', '(2007).', '(2007).']"
62,61,17,61_2019_20__,"['2019', '20', '', '', '', '', '', '', '', '']","['(2019).', '(2019).', '(2019).']"
63,62,17,62_al_2021_et_anvari,"['al', '2021', 'et', 'anvari', 'ruggeri', 'nsightful', 'nnomena', 'manley', 'tozzi', 'nchen']","['(2021), Chandrashekar, et al.', '(2021), Anvari et al.', '(2021), Ruggeri et al.']"
64,63,17,63_al_et_example_associates,"['al', 'et', 'example', 'associates', 'nlawrence', 'erlbaum', 'borer', 'hornsey', 'belliveau', 'korbmacher']","['For example, when Jakob et al.', 'For example, Korbmacher et al.', 'For example, Hornsey et al.']"
65,64,16,64_enigma_data_sharing_raw,"['enigma', 'data', 'sharing', 'raw', 'decode', 'flexible', 'is', 'sophisticated', 'shows', 'war']","['The ENIGMA approach circumvents each of these issues \\nin an innovative approach.\\n\\nFirst, to accommodate data sharing issues, contribution of raw data is not required for \\nparticipation; though processing support (at several levels) is available for groups that \\nrequest it.', 'ENIGMA is active in efforts to enhance understanding of regulations in several \\nregions of the world around data sharing, and to formulate solutions to facilitate global \\ncollaboration.\\n\\nProgress and Deliverables\\n\\nWe will continuously assess our progress to ensure that ENIGMA Brain Injury is moving the \\nfield forward and supporting the researchers involved.', 'The name ENIGMA, which Webster defines as \\xe2\\x80\\x9cmysterious, \\npuzzling, or difficult to understand or explain\\xe2\\x80\\x9d, also invokes the endeavors of the British \\nteam at Bletchley Park to decode highly sophisticated war-time communications during \\nWorld War II; similarly, ENIGMA brings investigators together to decode the complex and \\nmultifaceted factors that influence brain structure and function.']"
66,65,16,65_advances_psychological_methods_practices,"['advances', 'psychological', 'methods', 'practices', 'npractices', 'x93356', 'in', 'x93490', '443', 'science']","['Advances in Methods and Practices in Psychological Science, \\n\\n1(3), 337\\xe2\\x80\\x93356.', 'Advances  in  Methods \\nand  Practices  in  Psychological  Science,  1,  337\\xe2\\x80\\x93356.', 'Advances in Methods and \\n\\nPractices in Psychological Science.']"
67,66,15,66_nnosek_uzzi_nteachman_koffarnus,"['nnosek', 'uzzi', 'nteachman', 'koffarnus', 'nmacwhinney', 'nicebread', 'hegarty', 'bar', 'anan', 'ho']","['\\n\\nNosek, B.', '\\n\\nNosek, B.', '\\n\\nNosek, B.']"
68,67,15,67_2010_2011_outperform_nnat,"['2010', '2011', 'outperform', 'nnat', 'nkloppenborg', 'foldit', 'nhenden', 'nprice', 'stencel', 'nkim']","['(2010).', '(2010).', '(2010).']"
69,68,15,68_psa_network_secondary_psysciacc,"['psa', 'network', 'secondary', 'psysciacc', 'all', 'fund', 'sign', 'map', 'any', 'experience']","['country \\nspecific sub-analyses, or \\nconnecting data to new research \\nquestion); for ECR \\xe2\\x80\\x93 training \\n(adaptation of materials, work \\nwith Qualtrics, data collection) \\n\\nThe PSA is a Distributed \\nLaboratory Network which \\nmeans we have and recruit \\ncollaborators from any and \\nall Geopolitical regions.', '\\n\\nThe  PSA  represents  a  globally  distributed  network  of \\nlabs located on all populated continents (see https://psysci-\\nacc.org/map/  for  an  updated  map  of  all  labs)  organising \\ndata  collection  of  democratically  chosen  projects \\n(Moshontz et al., 2018).', 'The  network  regularly  issues \\ncalls for project submissions from both inside and outside \\nthe network, which are first screened by the selection com-\\nmittee, then sent out for review by at least three experts, \\nand finally voted on by all PSA members.']"
70,69,15,69_psychopharmacology_30_clinical_experimental,"['psychopharmacology', '30', 'clinical', 'experimental', 'psychopharmacol', 'nmental', 'nogy', 'n30', 'experi', 'x80']","['Experi-\\nmental and Clinical Psychopharmacology, 30(4), 466\\xe2\\x80\\x93477.', 'Experimental\\nand Clinical Psychopharmacology, 30(4), 381\\xe2\\x80\\x93399.', 'Experimental\\nand Clinical Psychopharmacology, 30(4), 409\\xe2\\x80\\x93414.']"
71,70,14,70_cognitive_aging_scores_longitudinal,"['cognitive', 'aging', 'scores', 'longitudinal', 'vetsa', 'nintegrative', 'score', 'endpoints', 'twin', 'era']","['A third approach involves \\ncalculating a cognitive composition score created by assigning weighted scores based on the \\ndegree to which an individual test score deviates from normative expectations (increased \\ndeviation, increased weight).', '\\nIntegrative  analysis  of  longitudinal  studies  on  aging: \\nCoordinated analysis of age, sex, and education effects \\non  change  in  MMSE  scores.', 'Testing a research ques-\\ntion of common interest (e.g., \\xe2\\x80\\x9cDoes education protect \\nagainst  cognitive  decline?\\xe2\\x80\\x9d;  Piccinin  et\\xc2\\xa0 al.,  2013)  on \\nexisting data sets that include the same constructs (e.g., \\nmeasures of cognitive function such as memory, reason-\\ning,  and  fluency)  and  yet  measure  them  in  disparate \\nways  in  different  populations  (e.g.,  Sweden,  Austria, \\nthe  Netherlands,  and  the  United  Kingdom)  far  more \\nsystematically assesses the generalizability of the results \\nthan relying on a single data source.']"
72,71,14,71_2012_2012b_2012a_,"['2012', '2012b', '2012a', '', '', '', '', '', '', '']","['(2012).', '(2012).', '(2012).']"
73,72,14,72_2015___,"['2015', '', '', '', '', '', '', '', '', '']","['(2015).', '(2015).', '(2015).']"
74,73,13,73_role_ambiguity_conflict_organizational,"['role', 'ambiguity', 'conflict', 'organizational', 'rahim', 'unclear', 'harassment', '2003', 'expectations', 'members']","['Jackson and Schuler (1985) Revisited: A Meta-Analysis of \\n\\nthe Relationships Between Role Ambiguity, Role Conflict, and Job Performance.', 'Role ambiguity can occur in small groups, but the number of roles in a large scientific \\nteam, combined with the specialization of roles and complex decision-making apparatus, \\nincrease the risk of role ambiguity as teams increase in size.', 'Role Conflict and Role Ambiguity: \\n\\nIntegration of the Literature and Directions for Future Research.']"
75,74,13,74_psychology_challenges_cause_five,"['psychology', 'challenges', 'cause', 'five', '104154', 'revisited', 'share', 'neglected', '95', 'american']","['\\n\\nThe challenges in psychology share a common cause \\n\\nDiscussion of the slow progress in psychology has a long history.', 'Scholars have argued \\npersuasively that each of the five challenges facing psychology has a pernicious and potentially \\ndestructive influence on scientific progress (Donoho et al., 2008; Landy et al., 2020; Meehl, \\n1978; Sears, 1986; Silberzahn et al., 2018).', '\\nAlthough often discussed separately, these five challenges may share a common cause: \\ninsufficient investment of intellectual and non-intellectual resources into the typical psychology \\nstudy.']"
76,75,12,75_behaviour_nature_human_nbehaviour,"['behaviour', 'nature', 'human', 'nbehaviour', '0088', 'infancy', 'nhuman', 'projective', 'nmeehl', '990']","['Nature Human Behaviour, \\n5(8), 990\\xe2\\x80\\x93997.', 'Nature Human Behaviour, 1(1), 0021.', 'Nature Human Behaviour.']"
77,76,12,76_computing_acm_symposium_york,"['computing', 'acm', 'symposium', 'york', 'machinery', 'conference', 'pacific', 'pp', 'nkittur', 'nassociation']","['New  York,  NY: \\nAssociation for Computing Machinery.\\n\\nKlein,  R.  A.,  Ratliff,  K.  A.,  Vianello,  M.,  Adams,  R.  B.,  Jr., \\nBahn\\xc3\\xadk,  \\xc5\\xa0.,  Bernstein,  M.  J.,  .', '\\nNew York, NY: Association for Computing Machinery.\\n\\nKittur,  A.,  Smus,  B.,  Khamkar,  S.,  &  Kraut,  R.  E.  (2011).', 'New York, NY: \\nAssociation for Computing Machinery.\\n\\nKittur, A., Lee, B., & Kraut, R. E. (2009).']"
78,77,12,77_plos_biology_e1002456_article,"['plos', 'biology', 'e1002456', 'article', '14', 'e124', '1186', 'medicine', '0030', '1991']","['PLOS  Medicine,  2(8),  Article  e124.', 'PLoS Biology, 14(5), e1002456.', 'PLOS Biology, 14(5), e1002460.']"
79,78,12,78_psychiatry_psychiatric_nbiological_translational,"['psychiatry', 'psychiatric', 'nbiological', 'translational', 'journal', 'garczarek', 'ew', 'nyue', 'e1116', 'lecky']","['Translational Psychiatry, 10(1), 1\\xe2\\x80\\x9328 [PubMed: \\n32066695] \\n\\nTozzi L, Garczarek L, Janowitz D, Stein DJ, Wittfeld K, Dobrowolny H, et al.', ""Alzheimer\\xe2\\x80\\x99s & dementia: the journal of the \\nAlzheimer's Association, 10(3 Suppl), S226\\xe2\\x80\\x9335.\\n\\nYue JK, Vassar MJ, Lingsma HF, Cooper SR, Okonkwo DO, Valadka AB, et al."", '\\nBiological psychiatry.\\n\\nMaas AIR, Menon DK, Steyerberg EW, Citerio G, Lecky F, Manley GT, et al.']"
80,79,12,79_genome_genes_association_wide,"['genome', 'genes', 'association', 'wide', 'genetic', 'variants', 'gwas', 'influences', 'relationship', 'understanding']","['In one prominent example, \\nonly 52 patients provided genetic material for an analysis of the relationship between the 5-\\nHTTLPR polymorphism and major depression (Heils et al., 1996), a finding that spurred \\nenormous interest in the biological mechanisms through which these genes might cause \\ndepression (Dannlowski et al., 2008; Gotlib et al., 2008).', 'At the time of its inception, \\nthe focus on candidate genes in imaging genetics led to a crisis of reproducibility, but less \\nbiased genome-wide association studies (GWAS) required tens or hundreds of thousands of \\nparticipants to achieve significance.', 'The crowdsourced generation and selection of \\nresearch  ideas  is  one  way  to  open  up  data  sets  and \\ncollaboration  opportunities  that  would  otherwise \\nremain closed to most scientists.\\n\\nAssembling resources\\nGenome-wide association studies distribute the task of \\ninvestigating the entire genome across many collabora-\\ntors and institutions with specialized roles, leading to \\nimportant discoveries related to genes and pathways of \\ncommon diseases (Visscher, Brown, McCarthy, & Yang, \\n2012).']"
81,80,12,80_osf_io_31234_https,"['osf', 'io', '31234', 'https', 'doi', 'nrg', '10', 'org', 'ntubre', '9d3yf']","['https://doi.org/10.31234/osf.io/cvpuw \\n\\nCorvin, A., Craddock, N., & Sullivan, P. F. (2010).', 'https://doi.o\\n\\nrg/10.31234/osf.io/9d3yf \\n\\nLane, D. M., & Dunlap, W. P. (1978).', 'https://doi.org/10.31234/osf.io/frgzq \\n\\nRuggeri, K. (2020, May 19).']"
82,81,11,81_accelerator_npsychological_network_collaborative,"['accelerator', 'npsychological', 'network', 'collaborative', 'distributed', 'advancing', 'lessons', 'nthrough', 'nmanybabies', 'building']","['The Psychological Science Accelerator: Advancing Psychology \\n\\nthrough a Distributed Collaborative Network.', 'The Psychological Science Accelerator: Advancing Psychology \\n\\nThrough a Distributed Collaborative Network.', 'The \\npsychological science accelerator: Advancing psychology \\nthrough  a  distributed  collaborative  network.']"
83,82,11,82_1126_aac4716_10_doi,"['1126', 'aac4716', '10', 'doi', 'aab2374', 'science', 'nnosek', 'org', '1061619', 'bialas']","['https://doi.org/10.1126/science.aac4716 \\n\\nOsborne, T. L., & Luoma, J.', 'Science 349,\\nhttp://dx.doi.org/10.1126/science.aac4716.\\n\\nSekar, A., Bialas, A.R., de Rivera, H., Davis, A.,\\nHammond, T.R., Kamitaki, N., Tooley, K., Presu-\\nmey, J., Baum, M., Van Doren, V., et al.', '\\n\\nhttps://doi.org/10.1126/science.aab2374 \\n\\nNosek, B.']"
84,83,11,83_big_team_science_psychology,"['big', 'team', 'science', 'psychology', 'if', 'tackle', 'psychological', 'potential', 'nbig', 'training']","['If the unique risks and challenges of big team science \\nare properly understood and managed, this method of collaboration may have great potential to \\nimprove the efficiency and information value of psychological science.', '\\n\\nFor example, the first Psychological Science \\nAccelerator  study  examined  how  people \\naround the world judge others on the basis \\n\\n\\x0cEXAMPLES OF BIG-TEAM SCIENCE\\nLarge teams of researchers have come together in various ways to tackle difficult questions in science, from soil samples to cancer biology.', '\\n\\nBig team science outside of psychology \\n\\nSome disciplines have already adopted a big team science model, so they can provide \\n\\nuseful examples of how big team science organizations can arise.']"
85,84,11,84_guard_changing_policies_resistance,"['guard', 'changing', 'policies', 'resistance', 'article', 'changes', 'outcomes', 'ncollaborative', 'crossing', 'slate']","['These behavioral patterns provide constraints to the improvement and \\nbetterment of efforts to changing of the guard.\\nThe Solution\\nThis  article  highlights  new  and  improved  methods  for  working  in  collaborative \\nenvironments.', 'Emergent outcomes result from \\ncollaborative practices by autonomous agents that are self-organizing and free of con-\\nstraints\\xe2\\x80\\x94the essence of changing of the guard.', 'The current article focuses on the col-\\nlaborative aspects that can lead to, or emerge into, successful outcomes when changing \\nof the guard becomes essential.\\n\\nThe remainder of this article is organized by highlighting the burgeoning trends in \\ncollaborative research, primarily multiauthored research by disparate researchers.']"
86,85,11,85_2013_1994_1992_pp,"['2013', '1994', '1992', 'pp', '', '', '', '', '', '']","['(2013).', '(2013).', '(2013).']"
87,86,10,86_crowd_nsourcing_projects_dimension,"['crowd', 'nsourcing', 'projects', 'dimension', 'benefits', 'chosen', 'communication', 'curated', 'degree', 'vary']","['The circumstances under which conformity \\neffects occur in crowd science remains an open empiri-\\ncal  question,  and  future  projects  should  consider \\nmanipulating factors such as task interdependence and \\nanonymity of communications.\\n\\nAllowing information exchange and creating inter-\\ndependencies  between  project  members  also  comes \\nwith potential important benefits.', 'If the mul-\\ntifold  aspects  of  an  academic\\xe2\\x80\\x99s  workflow  are  made \\ntransparent, decision makers can move beyond heuris-\\ntics and use more complete information to better allo-\\ncate rewards on the basis of merit.\\n\\nIntegrating crowd science into pedagogy\\nAnother  way  to  encourage  crowd  science  is  to  build \\nsuch  initiatives  into  activities  that  scientists  in  many \\nfields already do routinely, such as collecting data in \\nmethods  classes  for  student  projects  and  analyzing \\ncomplex data sets as part of graduate education (Everett \\n& Earp, 2015; Frank & Saxe, 2012; Grahe et\\xc2\\xa0al., 2012; \\nMavor  et\\xc2\\xa0 al.,  2016).', 'Crowd-science \\ninitiatives also vary in their inclusivity, from open calls \\nfor  collaborators  to  carefully  chosen  groups  of  topic \\nexperts.\\n\\nFigure 1 crosses the horizontal dimension of com-\\nmunication (anchored at the left end by curated con-\\ntributions and at the right by crowd collaboration) with \\nthe vertical dimension of selectivity to create a 2 \\xc3\\x97 2 \\nmatrix.']"
88,87,10,87_irb_approval_irbs_may,"['irb', 'approval', 'irbs', 'may', 'ap', 'having', 'where', 'countries', 'institution', 'one']","['It is also possible that in-\\nstitutions  or  journals  require  approval  from  each  institu-\\ntion\\xe2\\x80\\x99s IRB.', 'However, having obtained ap-\\nproval from one institution can often speed up the process \\nas it may provide another IRB with extra confidence where \\nother colleagues have already approved it.', 'In general, there are two \\n\\noptions: a centralised approval from the PI\\xe2\\x80\\x99s Institutional \\nReview  Board  (IRB)  or  approval  from  the  PI\\xe2\\x80\\x99s  institution \\nand at least one IRB per country.']"
